부도확률(PD),부도_시_손실확률(LGD),부도_시_손실금액(EAD)(단위:십억원),기대신용손실(ECL)(단위:십억원),TIME_x,YEAR,경제성장률,실업률,기준금리,TIME_y,경제지표_반영된_부도확률(PD),경제지표_반영된_부도_시_손실확률(LGD),경제지표_반영된_부도_시_손실금액(EAD)(단위:십억원),경제지표_반영된_기대신용손실(Updated_ECL)(단위:십억원)
0.02,0.3617,44808,324.141072,2010,2010,0.07,0.037,2.5,2010,0.030856,0.62924949,78431.9232,1522.84381
0.0241,0.8287,438377,8755.12078,2010,2010,0.07,0.037,2.5,2010,0.03718148,1.44168939,767335.1008,41132.34218
0.03,0.5194,9783,152.438706,2010,2010,0.07,0.037,2.5,2010,0.046284,0.90360018,17124.1632,716.1707044
0.01,0.889,2240,19.9136,2010,2010,0.07,0.037,2.5,2010,0.015428,1.5465933,3920.896,93.55587773
0.0125,0.3312,21918.8,90.743832,2010,2010,0.07,0.037,2.5,2010,0.019285,0.57618864,38366.66752,426.3226564
0.02,0.4564,8,0.073024,2010,2010,0.07,0.037,2.5,2010,0.030856,0.79399908,14.0032,0.343073297
0.0241,0.9516,643.6,14.76003922,2010,2010,0.07,0.037,2.5,2010,0.03718148,1.65549852,1126.55744,69.34398723
0.03,0.3561,0.02,0.00021366,2010,2010,0.07,0.037,2.5,2010,0.046284,0.61950717,0.035008,0.001003794
0.01,0.8656,0.15,0.0012984,2010,2010,0.07,0.037,2.5,2010,0.015428,1.50588432,0.26256,0.0061
0.0125,0.3933,141,0.69319125,2010,2010,0.07,0.037,2.5,2010,0.019285,0.68422401,246.8064,3.256674626
0.02,0.7454,0.03,0.00044724,2010,2010,0.07,0.037,2.5,2010,0.030856,1.29677238,0.052512,0.002101174
0.0241,0.0948,45338,103.5828218,2010,2010,0.07,0.037,2.5,2010,0.03718148,0.16492356,79359.6352,486.6413815
0.03,0.593,441851.7,7860.541743,2010,2010,0.07,0.037,2.5,2010,0.046284,1.0316421,773417.2157,36929.52968
0.01,0.8199,9746,79.907454,2010,2010,0.07,0.037,2.5,2010,0.015428,1.42638003,17059.3984,375.4123813
0.0125,0.5128,2386,15.29426,2010,2010,0.07,0.037,2.5,2010,0.019285,0.89211816,4176.4544,71.85380436
0.02,0.0903,23255.4,41.9992524,2010,2010,0.07,0.037,2.5,2010,0.030856,0.15709491,40706.25216,197.3162523
0.0228,0.7836,8,0.14292864,2010,2010,0.07,0.037,2.5,2010,0.03517584,1.36322892,14.0032,0.671491562
0.03,0.794,706.6,16.831212,2010,2010,0.07,0.037,2.5,2010,0.046284,1.3813218,1236.83264,79.07454262
0.01,0.3898,0.02,7.80E-05,2010,2010,0.07,0.037,2.5,2010,0.015428,0.67813506,0.035008,0.000366263
0.0125,0.0657,0.16,0.0001314,2010,2010,0.07,0.037,2.5,2010,0.019285,0.11429829,0.280064,0.000617329
0.02,0.4511,111,1.001442,2010,2010,0.07,0.037,2.5,2010,0.030856,0.78477867,194.2944,4.704864279
0.0228,0.0259,0.03,1.77E-05,2010,2010,0.07,0.037,2.5,2010,0.03517584,0.04505823,0.052512,8.32E-05
0.03,0.577,50870,880.5597,2010,2010,0.07,0.037,2.5,2010,0.046284,1.0038069,89042.848,4136.948398
0.01,0.2519,515821.4,1299.354107,2010,2010,0.07,0.037,2.5,2010,0.015428,0.43823043,902893.7786,6104.482059
0.0125,0.3655,10140,46.327125,2010,2010,0.07,0.037,2.5,2010,0.019285,0.63586035,17749.056,217.6489857
0.02,0.1742,2312,8.055008,2010,2010,0.07,0.037,2.5,2010,0.030856,0.30305574,4046.9248,37.84314958
0.0228,0.1631,23446.4,87.18965875,2010,2010,0.07,0.037,2.5,2010,0.03517584,0.28374507,41040.57856,409.6248319
0.03,0.0191,11,0.006303,2010,2010,0.07,0.037,2.5,2010,0.046284,0.03322827,19.2544,0.029612059
0.01,0.1522,554,0.843188,2010,2010,0.07,0.037,2.5,2010,0.015428,0.26478234,969.7216,3.961372802
0.0125,0.3689,0.02,9.22E-05,2010,2010,0.07,0.037,2.5,2010,0.019285,0.64177533,0.035008,0.000433281
0.0225,0.3883,0.11,0.000961043,2010,2010,0.07,0.037,2.5,2010,0.034713,0.67552551,0.192544,0.004515064
0.0224,0.8483,144,2.73627648,2010,2010,0.07,0.037,2.5,2010,0.03455872,1.47578751,252.0576,12.85527217
0.0325,0.2733,0.02,0.000177645,2010,2010,0.07,0.037,2.5,2010,0.050141,0.47546001,0.035008,0.000834592
0.0125,0.4261,45810,243.9955125,2010,2010,0.07,0.037,2.5,2010,0.019285,0.74128617,80185.824,1146.312788
0.0125,0.6431,496855.3,3994.095543,2010,2010,0.07,0.037,2.5,2010,0.019285,1.11880107,869695.5171,18764.61887
0.0225,0.9545,10846,232.9314075,2010,2010,0.07,0.037,2.5,2010,0.034713,1.66054365,18984.8384,1094.332631
0.0224,0.7627,2082,35.56988736,2010,2010,0.07,0.037,2.5,2010,0.03455872,1.32686919,3644.3328,167.1105191
0.0325,0.2646,22584.3,194.2136878,2010,2010,0.07,0.037,2.5,2010,0.050141,0.46032462,39531.55872,912.4333136
0.0125,0.0182,9,0.0020475,2010,2010,0.07,0.037,2.5,2010,0.019285,0.03166254,15.7536,0.009619339
0.0125,0.2978,743.1,2.76618975,2010,2010,0.07,0.037,2.5,2010,0.019285,0.51808266,1300.72224,12.99580739
0.0225,0.0143,0.02,6.44E-06,2010,2010,0.07,0.037,2.5,2010,0.034713,0.02487771,0.035008,3.02E-05
0.0224,0.4802,0.15,0.001613472,2010,2010,0.07,0.037,2.5,2010,0.03455872,0.83540394,0.26256,0.007580236
0.0325,0.453,125,1.8403125,2010,2010,0.07,0.037,2.5,2010,0.050141,0.7880841,218.8,8.645953079
0.0125,0.416,0.03,0.000156,2010,2010,0.07,0.037,2.5,2010,0.019285,0.7237152,0.052512,0.000732902
0.0125,0.5169,42633,275.4624713,2010,2010,0.07,0.037,2.5,2010,0.019285,0.89925093,74624.8032,1294.147381
0.0225,0.0448,507011.3,511.0673904,2010,2010,0.07,0.037,2.5,2010,0.034713,0.07793856,887472.5795,2401.040409
0.026,0.6288,11892,194.4199296,2010,2010,0.07,0.037,2.5,2010,0.0401128,1.09392336,20815.7568,913.4022558
0.0325,0.936,2244,68.26248,2010,2010,0.07,0.037,2.5,2010,0.050141,1.6283592,3927.8976,320.7032497
0.0125,0.0734,26684.8,24.483304,2010,2010,0.07,0.037,2.5,2010,0.019285,0.12769398,46709.07392,115.0247567
0.0125,0.733,10,0.091625,2010,2010,0.07,0.037,2.5,2010,0.019285,1.2752001,17.504,0.430462463
0.025,0.8616,785.4,16.917516,2010,2010,0.07,0.037,2.5,2010,0.03857,1.49892552,1374.76416,79.48000655
0.026,0.9029,0.02,0.000469508,2010,2010,0.07,0.037,2.5,2010,0.0401128,1.57077513,0.035008,0.002205791
0.035,0.1483,0.15,0.000778575,2010,2010,0.07,0.037,2.5,2010,0.053998,0.25799751,0.26256,0.003657815
0.015,0.3143,120,0.56574,2010,2010,0.07,0.037,2.5,2010,0.023142,0.54678771,210.048,2.657897229
0.0125,0.6157,0.03,0.000230888,2010,2010,0.07,0.037,2.5,2010,0.019285,1.07113329,0.052512,0.00108473
0.025,0.8819,42446,935.828185,2010,2010,0.07,0.037,2.5,2010,0.03857,1.53424143,74297.4784,4396.604695
0.026,0.4473,497834.6,5789.716831,2010,2010,0.07,0.037,2.5,2010,0.0401128,0.77816781,871409.6838,27200.60863
0.035,0.7962,11729,326.852043,2010,2010,0.07,0.037,2.5,2010,0.053998,1.38514914,20530.4416,1535.580195
0.015,0.3498,2021,10.604187,2010,2010,0.07,0.037,2.5,2010,0.023142,0.60854706,3537.5584,49.81942102
0.0125,0.9708,23706.4,287.677164,2010,2010,0.07,0.037,2.5,2010,0.019285,1.68890076,41495.68256,1351.533102
0.0275,0.4125,10,0.1134375,2011,2011,0.037,0.034,3.25,2011,0.046156,0.8130375,19.781,0.742312861
0.0276,0.2892,869.7,6.941875824,2011,2011,0.037,0.034,3.25,2011,0.04632384,0.5700132,1720.35357,45.42628056
0.0375,0.6486,0.02,0.00048645,2011,2011,0.037,0.034,3.25,2011,0.06294,1.2783906,0.039562,0.003183234
0.0175,0.2823,0.17,0.000839843,2011,2011,0.037,0.034,3.25,2011,0.029372,0.5564133,0.336277,0.005495765
0.0125,0.927,122,1.413675,2011,2011,0.037,0.034,3.25,2011,0.02098,1.827117,241.3282,9.250813296
0.0275,0.0184,0.04,2.02E-05,2011,2011,0.037,0.034,3.25,2011,0.046156,0.0362664,0.079124,0.000132447
0.0276,0.4297,40248,477.3300106,2011,2011,0.037,0.034,3.25,2011,0.04632384,0.8469387,79614.5688,3123.554429
0.0375,0.3925,487519.9,7175.683528,2011,2011,0.037,0.034,3.25,2011,0.06294,0.7736175,964363.1142,46956.27254
0.0175,0.0788,12113,16.703827,2011,2011,0.037,0.034,3.25,2011,0.029372,0.1553148,23960.7253,109.3065838
0.0125,0.0113,1830,0.2584875,2011,2011,0.037,0.034,3.25,2011,0.02098,0.0222723,3619.923,1.691491751
0.03,0.0088,22160,5.85024,2011,2011,0.037,0.034,3.25,2011,0.050352,0.0173448,43834.696,38.28282878
0.0276,0.9678,9,0.24040152,2011,2011,0.037,0.034,3.25,2011,0.04632384,1.9075338,17.8029,1.573140628
0.04,0.915,814.1,29.79606,2011,2011,0.037,0.034,3.25,2011,0.067136,1.803465,1610.37121,194.9796014
0.02,0.3207,0.02,0.00012828,2011,2011,0.037,0.034,3.25,2011,0.033568,0.6320997,0.039562,0.000839439
0.015,0.0731,0.17,0.000186405,2011,2011,0.037,0.034,3.25,2011,0.025176,0.1440801,0.336277,0.001219798
0.03,0.1786,122,0.653676,2011,2011,0.037,0.034,3.25,2011,0.050352,0.3520206,241.3282,4.277528167
0.0336,0.7467,0.03,0.000752674,2011,2011,0.037,0.034,3.25,2011,0.05639424,1.4717457,0.059343,0.004925349
0.04,0.2698,40848,440.831616,2011,2011,0.037,0.034,3.25,2011,0.067136,0.5317758,80801.4288,2884.716059
0.02,0.5959,498392.5,5939.841815,2011,2011,0.037,0.034,3.25,2011,0.033568,1.1745189,985870.2043,38869.16557
0.015,0.3566,12201,65.263149,2011,2011,0.037,0.034,3.25,2011,0.025176,0.7028586,24134.7981,427.0693098
0.03,0.2506,1857,13.960926,2011,2011,0.037,0.034,3.25,2011,0.050352,0.4939326,3673.3317,91.35757502
0.0336,0.3246,22654.2,247.0793916,2011,2011,0.037,0.034,3.25,2011,0.05639424,0.6397866,44812.27302,1616.839316
0.04,0.5524,11,0.243056,2011,2011,0.037,0.034,3.25,2011,0.067136,1.0887804,21.7591,1.590511027
0.02,0.3151,991.6,6.2490632,2011,2011,0.037,0.034,3.25,2011,0.033568,0.6210621,1961.48396,40.89264996
0.015,0.8595,0.03,0.000386775,2011,2011,0.037,0.034,3.25,2011,0.025176,1.6940745,0.059343,0.00253098
0.0325,0.9395,0.2,0.00610675,2011,2011,0.037,0.034,3.25,2011,0.054548,1.8517545,0.39562,0.03996138
0.0336,0.7243,122,2.96905056,2011,2011,0.037,0.034,3.25,2011,0.05639424,1.4275953,241.3282,19.4288874
0.0425,0.1214,0.04,0.00020638,2011,2011,0.037,0.034,3.25,2011,0.071332,0.2392794,0.079124,0.00135051
0.0225,0.4544,39714,406.035936,2011,2011,0.037,0.034,3.25,2011,0.037764,0.8956224,78558.2634,2657.01992
0.015,0.2641,450663.7,1785.304248,2011,2011,0.037,0.034,3.25,2011,0.025176,0.5205411,891457.865,11682.68256
0.0325,0.5174,11348,190.822294,2011,2011,0.037,0.034,3.25,2011,0.054548,1.0197954,22447.4788,1248.703849
0.0344,0.0288,2090,2.0706048,2011,2011,0.037,0.034,3.25,2011,0.05773696,0.0567648,4134.229,13.5496337
0.0425,0.1098,23719.1,110.6851802,2011,2011,0.037,0.034,3.25,2011,0.071332,0.2164158,46918.75171,724.3022167
0.0225,0.0813,9,0.01646325,2011,2011,0.037,0.034,3.25,2011,0.037764,0.1602423,17.8029,0.107732295
0.015,0.1483,698.3,1.55336835,2011,2011,0.037,0.034,3.25,2011,0.025176,0.2922993,1381.30723,10.16493931
0.0325,0.8587,0.02,0.000558155,2011,2011,0.037,0.034,3.25,2011,0.054548,1.6924977,0.039562,0.003652457
0.0344,0.0805,0.15,0.00041538,2011,2011,0.037,0.034,3.25,2011,0.05773696,0.1586655,0.296715,0.002718166
0.0425,0.8937,119,4.51988775,2011,2011,0.037,0.034,3.25,2011,0.071332,1.7614827,235.3939,29.5772633
0.0225,0.0271,0.03,1.83E-05,2011,2011,0.037,0.034,3.25,2011,0.037764,0.0534141,0.059343,0.000119703
0.015,0.372,38759,216.27522,2011,2011,0.037,0.034,3.25,2011,0.025176,0.733212,76669.1779,1415.26283
0.0325,0.8337,455404.4,12339.29607,2011,2011,0.037,0.034,3.25,2011,0.054548,1.6432227,900835.4436,80745.94524
0.0344,0.8798,11750,355.61516,2011,2011,0.037,0.034,3.25,2011,0.05773696,1.7340858,23242.675,2327.076202
0.0425,0.2085,1846,16.3578675,2011,2011,0.037,0.034,3.25,2011,0.071332,0.4109535,3651.5726,107.0426924
0.0225,0.6334,21685.9,309.0566039,2011,2011,0.037,0.034,3.25,2011,0.037764,1.2484314,42896.87879,2022.406098
0.015,0.5374,8,0.064488,2011,2011,0.037,0.034,3.25,2011,0.025176,1.0592154,15.8248,0.421996886
0.0325,0.0981,405,1.29124125,2011,2011,0.037,0.034,3.25,2011,0.054548,0.1933551,801.1305,8.449630731
0.034,0.871,0.02,0.00059228,2011,2011,0.037,0.034,3.25,2011,0.0570656,1.716741,0.039562,0.003875765
0.0425,0.1087,0.09,0.000415778,2011,2011,0.037,0.034,3.25,2011,0.071332,0.2142477,0.178029,0.002720767
0.0225,0.3312,129,0.961308,2011,2011,0.037,0.034,3.25,2011,0.037764,0.6527952,255.1749,6.290611935
0.015,0.007,0.02,2.10E-06,2011,2011,0.037,0.034,3.25,2011,0.025176,0.013797,0.039562,1.37E-05
0.0325,0.1341,40550,176.7270375,2011,2011,0.037,0.034,3.25,2011,0.054548,0.2643111,80211.955,1156.467242
0.034,0.633,495994,10674.78287,2011,2011,0.037,0.034,3.25,2011,0.0570656,1.247643,981125.7314,69853.69571
0.0425,0.8293,12232,431.119898,2011,2011,0.037,0.034,3.25,2011,0.071332,1.6345503,24196.1192,2821.164472
0.0225,0.8701,1843,36.08087175,2011,2011,0.037,0.034,3.25,2011,0.037764,1.7149671,3645.6383,236.1061829
0.015,0.3403,22545.2,115.0819734,2011,2011,0.037,0.034,3.25,2011,0.025176,0.6707313,44596.66012,753.0739736
0.0325,0.5458,12,0.212862,2011,2011,0.037,0.034,3.25,2011,0.054548,1.0757718,23.7372,1.392927384
0.034,0.0231,646.3,0.50760402,2011,2011,0.037,0.034,3.25,2011,0.0570656,0.0455301,1278.44603,3.321661639
0.0425,0.4989,0.03,0.000636098,2011,2011,0.037,0.034,3.25,2011,0.071332,0.9833319,0.059343,0.004162498
0.0225,0.2426,0.13,0.000709605,2011,2011,0.037,0.034,3.25,2011,0.037764,0.4781646,0.257153,0.004643517
0.015,0.7085,153,1.6260075,2011,2011,0.037,0.034,3.25,2011,0.025176,1.3964535,302.6493,10.64027574
0.0325,0.0902,0.03,8.79E-05,2012,2012,0.025,0.032,2.75,2012,0.051116,0.16445264,0.054867,0.000461221
0.0357,0.4674,40131,669.6330896,2012,2012,0.025,0.032,2.75,2012,0.05614896,0.85216368,73395.5859,3511.839655
0.0425,0.5731,526120.5,12814.58549,2012,2012,0.025,0.032,2.75,2012,0.066844,1.04487592,962221.7824,67205.11603
0.0225,0.0496,13110,14.63076,2012,2012,0.025,0.032,2.75,2012,0.035388,0.09043072,23976.879,76.72990471
0.015,0.5709,1745,14.9433075,2012,2012,0.025,0.032,2.75,2012,0.023592,1.04086488,3191.4305,78.36903623
0.0325,0.4439,22874.8,330.0090209,2012,2012,0.025,0.032,2.75,2012,0.051116,0.80931848,41835.72172,1730.707135
0.0357,0.8264,10,0.2950248,2012,2012,0.025,0.032,2.75,2012,0.05614896,1.50669248,18.289,1.547235058
0.0425,0.6483,622,17.1378105,2012,2012,0.025,0.032,2.75,2012,0.066844,1.18198056,1137.5758,89.87793981
0.0225,0.637,0.02,0.00028665,2012,2012,0.025,0.032,2.75,2012,0.035388,1.1613784,0.036578,0.001503314
0.015,0.8322,0.12,0.00149796,2012,2012,0.025,0.032,2.75,2012,0.023592,1.51726704,0.219468,0.007855937
0.0325,0.7062,162,3.718143,2012,2012,0.025,0.032,2.75,2012,0.051116,1.28754384,296.2818,19.49951732
0.0357,0.751,0.02,0.000536214,2012,2012,0.025,0.032,2.75,2012,0.05614896,1.3692232,0.036578,0.002812133
0.0425,0.4853,37351,770.3737128,2012,2012,0.025,0.032,2.75,2012,0.066844,0.88479896,68311.2439,4040.166169
0.0225,0.8501,487002.5,9315.018568,2012,2012,0.025,0.032,2.75,2012,0.035388,1.54990232,890678.8723,48851.90428
0.015,0.9567,13039,187.1161695,2012,2012,0.025,0.032,2.75,2012,0.023592,1.74425544,23847.0271,981.3164768
0.0325,0.0763,1779,4.41147525,2012,2012,0.025,0.032,2.75,2012,0.051116,0.13911016,3253.6131,23.13564542
0.0358,0.894,23190.6,742.2197911,2012,2012,0.025,0.032,2.75,2012,0.05630624,1.6299408,42413.28834,3892.515074
0.0425,0.4298,8,0.146132,2012,2012,0.025,0.032,2.75,2012,0.066844,0.78361136,14.6312,0.766378126
0.0225,0.8131,362.9,6.639164775,2012,2012,0.025,0.032,2.75,2012,0.035388,1.48244392,663.70781,34.81859319
0.015,0.379,0.02,0.0001137,2012,2012,0.025,0.032,2.75,2012,0.023592,0.6909928,0.036578,0.000596291
0.0325,0.4388,0.07,0.00099827,2012,2012,0.025,0.032,2.75,2012,0.051116,0.80002016,0.128023,0.005235351
0.0358,0.4637,102,1.69324692,2012,2012,0.025,0.032,2.75,2012,0.05630624,0.84541784,186.5478,8.880104303
0.0425,0.3803,0.01,0.000161628,2012,2012,0.025,0.032,2.75,2012,0.066844,0.69336296,0.018289,0.000847643
0.0225,0.1179,36433,96.64764075,2012,2012,0.025,0.032,2.75,2012,0.035388,0.21495528,66632.3137,506.8611791
0.015,0.4244,431604.5,2747.594247,2012,2012,0.025,0.032,2.75,2012,0.023592,0.77376608,789361.4701,14409.54843
0.0325,0.2887,11847,111.1574393,2012,2012,0.025,0.032,2.75,2012,0.051116,0.52635784,21666.9783,582.9567105
0.0358,0.3,2143,23.01582,2012,2012,0.025,0.032,2.75,2012,0.05630624,0.54696,3919.3327,120.7047122
0.0425,0.5674,25388.5,612.2309833,2012,2012,0.025,0.032,2.75,2012,0.066844,1.03448368,46433.02765,3210.798688
0.0225,0.4063,7,0.06399225,2012,2012,0.025,0.032,2.75,2012,0.035388,0.74076616,12.8023,0.335602473
0.015,0.1399,359,0.7533615,2012,2012,0.025,0.032,2.75,2012,0.023592,0.25506568,656.5751,3.950946917
0.03,0.3031,0.02,0.00018186,2012,2012,0.025,0.032,2.75,2012,0.047184,0.55261192,0.036578,0.000953751
0.0339,0.41,0.08,0.00111192,2012,2012,0.025,0.032,2.75,2012,0.05331792,0.747512,0.146312,0.00583138
0.04,0.4406,99,1.744776,2012,2012,0.025,0.032,2.75,2012,0.062912,0.80330192,181.0611,9.150344632
0.02,0.4693,0.02,0.00018772,2012,2012,0.025,0.032,2.75,2012,0.031456,0.85562776,0.036578,0.000984483
0.015,0.5975,42183,378.0651375,2012,2012,0.025,0.032,2.75,2012,0.023592,1.089362,77148.4887,1982.733773
0.03,0.5524,488506.7,8095.533032,2012,2012,0.025,0.032,2.75,2012,0.047184,1.00713568,893429.9036,42456.40542
0.0339,0.3938,11581,154.6042654,2012,2012,0.025,0.032,2.75,2012,0.05331792,0.71797616,21180.4909,810.810276
0.04,0.4257,1917,32.642676,2012,2012,0.025,0.032,2.75,2012,0.062912,0.77613624,3506.0013,171.1920241
0.02,0.7058,22204.9,313.4443684,2012,2012,0.025,0.032,2.75,2012,0.031456,1.28681456,40610.54161,1643.835079
0.015,0.4654,8,0.055848,2012,2012,0.025,0.032,2.75,2012,0.023592,0.84851728,14.6312,0.292890576
0.03,0.5919,518.4,9.2052288,2012,2012,0.025,0.032,2.75,2012,0.047184,1.07915208,948.10176,48.27612022
0.0339,0.9155,0.02,0.000620709,2012,2012,0.025,0.032,2.75,2012,0.05331792,1.6691396,0.036578,0.003255261
0.04,0.4592,0.11,0.00202048,2012,2012,0.025,0.032,2.75,2012,0.062912,0.83721344,0.201179,0.010596253
0.02,0.0773,120,0.18552,2012,2012,0.025,0.032,2.75,2012,0.031456,0.14093336,219.468,0.972945488
0.015,0.3364,0.02,0.00010092,2012,2012,0.025,0.032,2.75,2012,0.023592,0.61332448,0.036578,0.000529267
0.0275,0.213,36327,212.7854025,2012,2012,0.025,0.032,2.75,2012,0.043252,0.3883416,66438.4503,1115.936811
0.0296,0.0443,450869.9,591.2166825,2012,2012,0.025,0.032,2.75,2012,0.04655488,0.08076776,824595.9601,3100.59079
0.0375,0.5095,12412,237.146775,2012,2012,0.025,0.032,2.75,2012,0.05898,0.9289204,22700.3068,1243.698171
0.0175,0.1615,1730,4.8894125,2012,2012,0.025,0.032,2.75,2012,0.027524,0.2944468,3163.997,25.64215087
0.0125,0.8635,21470,231.7418125,2012,2012,0.025,0.032,2.75,2012,0.01966,1.5743332,39266.483,1215.352257
0.0275,0.0172,8,0.003784,2012,2012,0.025,0.032,2.75,2012,0.043252,0.03135904,14.6312,0.019844899
0.0296,0.6631,1306.7,25.64759399,2012,2012,0.025,0.032,2.75,2012,0.04655488,1.20896392,2389.82363,134.5068502
0.0375,0.2695,0.02,0.000202125,2012,2012,0.025,0.032,2.75,2012,0.05898,0.4913524,0.036578,0.001060029
0.0175,0.4976,0.29,0.00252532,2012,2012,0.025,0.032,2.75,2012,0.027524,0.90722432,0.530381,0.013243848
0.0125,0.8574,134,1.436145,2012,2012,0.025,0.032,2.75,2012,0.01966,1.56321168,245.0726,7.531752896
0.0275,0.9481,0.06,0.001564365,2012,2012,0.025,0.032,2.75,2012,0.043252,1.72857592,0.109734,0.008204193
0.0296,0.1256,36849,136.9957382,2012,2012,0.025,0.032,2.75,2012,0.04655488,0.22899392,67393.1361,718.4636985
0.0375,0.3665,476698.8,6551.629132,2012,2012,0.025,0.032,2.75,2012,0.05898,0.6682028,871834.4353,34359.51919
0.0175,0.9774,12937,221.2809165,2012,2012,0.025,0.032,2.75,2012,0.027524,1.78199568,23660.4793,1160.490886
0.0125,0.3808,1842,8.76792,2012,2012,0.025,0.032,2.75,2012,0.01966,0.69427456,3368.8338,45.98268758
0.0275,0.0406,23834.9,26.61166585,2013,2013,0.033,0.031,2.5,2013,0.041954,0.0709079,41780.19621,124.2906538
0.0289,0.5467,11,0.17379593,2013,2013,0.033,0.031,2.5,2013,0.04408984,0.95481155,19.2819,0.811719563
0.0375,0.8956,515.3,17.3063505,2013,2013,0.033,0.031,2.5,2013,0.05721,1.5641654,903.26937,80.82987481
0.0175,0.2387,0.03,0.000125318,2013,2013,0.033,0.031,2.5,2013,0.026698,0.41688955,0.052587,0.000585299
0.0125,0.4115,0.11,0.000565813,2013,2013,0.033,0.031,2.5,2013,0.01907,0.71868475,0.192819,0.002642646
0.0275,0.2686,123,0.9085395,2013,2013,0.033,0.031,2.5,2013,0.041954,0.4691099,215.6067,4.243363385
0.0289,0.4049,0.02,0.000234032,2013,2013,0.033,0.031,2.5,2013,0.04408984,0.70715785,0.035058,0.001093055
0.0375,0.0832,33413,104.24856,2013,2013,0.033,0.031,2.5,2013,0.05721,0.1453088,58569.6477,486.8963016
0.0175,0.7481,444226.8,5815.706209,2013,2013,0.033,0.031,2.5,2013,0.026698,1.30655665,778685.1577,27162.44565
0.0125,0.2643,13295,43.92335625,2013,2013,0.033,0.031,2.5,2013,0.01907,0.46159995,23304.8055,205.1454688
0.0275,0.4237,1591,18.53793425,2013,2013,0.033,0.031,2.5,2013,0.041954,0.73999205,2788.8639,86.5820269
0.0289,0.7525,21153.7,460.0348023,2013,2013,0.033,0.031,2.5,2013,0.04408984,1.31424125,37080.32073,2148.607558
0.0375,0.4324,8,0.12972,2013,2013,0.033,0.031,2.5,2013,0.05721,0.7551866,14.0232,0.605861493
0.0175,0.7484,911.7,11.9405349,2013,2013,0.033,0.031,2.5,2013,0.026698,1.3070806,1598.11893,55.76865793
0.0125,0.7424,0.02,0.0001856,2013,2013,0.033,0.031,2.5,2013,0.01907,1.2966016,0.035058,0.000866851
0.0275,0.4071,0.21,0.002351002,2013,2013,0.033,0.031,2.5,2013,0.041954,0.71100015,0.368109,0.010980434
0.027,1,109,2.943,2013,2013,0.033,0.031,2.5,2013,0.0411912,1.7465,191.0661,13.74537755
0.0375,0.9223,0.04,0.00138345,2013,2013,0.033,0.031,2.5,2013,0.05721,1.61079695,0.070116,0.006461448
0.0175,0.068,30930,36.8067,2013,2013,0.033,0.031,2.5,2013,0.026698,0.118762,54217.197,171.9068935
0.0125,0.3107,411441.2,1597.934761,2013,2013,0.033,0.031,2.5,2013,0.01907,0.54263755,721215.2795,7463.206448
0.01,0.8103,13302,107.786106,2013,2013,0.033,0.031,2.5,2013,0.015256,1.41518895,23317.0758,503.4185257
0.005,0.3521,1473,2.5932165,2013,2013,0.033,0.031,2.5,2013,0.007628,0.61494265,2582.0217,12.11170229
0.01,0.8541,19592.4,167.3386884,2013,2013,0.033,0.031,2.5,2013,0.015256,1.49168565,34343.51796,781.5608053
0.01,0.8076,6,0.048456,2013,2013,0.033,0.031,2.5,2013,0.015256,1.4104734,10.5174,0.226315329
0.01,0.5416,331.5,1.795404,2013,2013,0.033,0.031,2.5,2013,0.015256,0.9459044,581.08635,8.385492975
0.025,0,0.02,0,2013,2013,0.033,0.031,2.5,2013,0.03814,0,0.035058,0
0.027,0.3004,0.08,0.000648864,2013,2013,0.033,0.031,2.5,2013,0.0411912,0.5246486,0.140232,0.00303054
0.035,0.9461,96,3.178896,2013,2013,0.033,0.031,2.5,2013,0.053396,1.65236365,168.2784,14.84713751
0.015,0.2195,0.02,6.59E-05,2013,2013,0.033,0.031,2.5,2013,0.022884,0.38335675,0.035058,0.000307555
0.0125,0.5731,34624,248.03768,2013,2013,0.033,0.031,2.5,2013,0.01907,1.00091915,60692.4096,1158.468079
0.01,0.3901,432085.1,1685.563975,2013,2013,0.033,0.031,2.5,2013,0.015256,0.68130965,757401.9718,7872.481554
0.005,0.0617,12479,3.8497715,2013,2013,0.033,0.031,2.5,2013,0.007628,0.10775905,21874.4391,17.98048343
0.01,0.5048,1574,7.945552,2013,2013,0.033,0.031,2.5,2013,0.015256,0.8816332,2759.0646,37.10995992
0.01,0.5383,19640.2,105.7231966,2013,2013,0.033,0.031,2.5,2013,0.015256,0.94014095,34427.30658,493.78364
0.01,0.4407,8,0.035256,2013,2013,0.033,0.031,2.5,2013,0.015256,0.76968255,14.0232,0.164664299
0.025,0.4687,189.7,2.22280975,2013,2013,0.033,0.031,2.5,2013,0.03814,0.81858455,332.52513,10.38170548
0.027,0.6993,0.02,0.000377622,2013,2013,0.033,0.031,2.5,2013,0.0411912,1.22132745,0.035058,0.001763696
0.035,0.8212,0.04,0.00114968,2013,2013,0.033,0.031,2.5,2013,0.053396,1.4342258,0.070116,0.005369618
0.015,0.3202,103,0.494709,2013,2013,0.033,0.031,2.5,2013,0.022884,0.5592293,180.5487,2.310554529
0.0125,0.9595,0.01,0.000119938,2013,2013,0.033,0.031,2.5,2013,0.01907,1.67576675,0.017529,0.000560172
0.01,0.3181,33186,105.564666,2013,2013,0.033,0.031,2.5,2013,0.015256,0.55556165,58171.7394,493.0432177
0.005,0.9353,408959.5,1912.499102,2013,2013,0.033,0.031,2.5,2013,0.007628,1.63350145,716865.1076,8932.389469
0.01,0.461,12323,56.80903,2013,2013,0.033,0.031,2.5,2013,0.015256,0.8051365,21600.9867,265.3284286
0.01,0.0527,1659,0.874293,2013,2013,0.033,0.031,2.5,2013,0.015256,0.09204055,2908.0611,4.083413989
0.01,0.7516,20448,153.687168,2013,2013,0.033,0.031,2.5,2013,0.015256,1.3126694,35843.2992,717.8009337
0.025,0.0798,7,0.013965,2013,2013,0.033,0.031,2.5,2013,0.03814,0.1393707,12.2703,0.065223988
0.0268,0.4722,224.9,2.846100504,2013,2013,0.033,0.031,2.5,2013,0.04088608,0.8246973,394.22721,13.29280529
0.035,0.1228,0.02,8.60E-05,2013,2013,0.033,0.031,2.5,2013,0.053396,0.2144702,0.035058,0.000401479
0.015,0.208,0.05,0.000156,2013,2013,0.033,0.031,2.5,2013,0.022884,0.363272,0.087645,0.000728603
0.01,0.6251,97,0.606347,2013,2013,0.033,0.031,2.5,2013,0.015256,1.09173715,170.0313,2.831963452
0.005,0.8651,0.01,4.33E-05,2013,2013,0.033,0.031,2.5,2013,0.007628,1.51089715,0.017529,0.000202024
0.01,0.9476,31397,297.517972,2013,2013,0.033,0.031,2.5,2013,0.015256,1.6549834,55035.8013,1389.567398
0.01,0.9003,394876.6,3555.07403,2013,2013,0.033,0.031,2.5,2013,0.015256,1.57237395,692179.1921,16604.08928
0.01,0.0234,12577,2.943018,2013,2013,0.033,0.031,2.5,2013,0.015256,0.0408681,22046.2233,13.74546161
0.025,0.1135,1570,4.454875,2013,2013,0.033,0.031,2.5,2013,0.03814,0.19822775,2752.053,20.80663907
0.0268,0.3227,19743.8,170.7514902,2013,2013,0.033,0.031,2.5,2013,0.04088608,0.56359555,34608.90702,797.5004073
0.035,0.6222,7,0.152439,2013,2013,0.033,0.031,2.5,2013,0.053396,1.0866723,12.2703,0.711971324
0.015,0.9882,191.6,2.8400868,2013,2013,0.033,0.031,2.5,2013,0.022884,1.7258913,335.85564,13.26471809
0.01,0.3544,0.02,7.09E-05,2013,2013,0.033,0.031,2.5,2013,0.015256,0.6189596,0.035058,0.000331047
0.005,0.5177,0.05,0.000129425,2013,2013,0.033,0.031,2.5,2013,0.007628,0.90416305,0.087645,0.000604484
0.01,0.1791,118,0.211338,2013,2013,0.033,0.031,2.5,2013,0.015256,0.31279815,206.8422,0.987061026
0.01,0.8898,0.01,8.90E-05,2013,2013,0.033,0.031,2.5,2013,0.015256,1.5540357,0.017529,0.000415584
0.01,0.4456,31366,139.766896,2013,2013,0.033,0.031,2.5,2013,0.015256,0.7782404,54981.4614,652.7858491
0.025,0.5318,432055.7,5744.180532,2013,2013,0.033,0.031,2.5,2013,0.03814,0.9287887,757350.4365,26828.38263
0.0268,0.0739,13775,27.281663,2013,2013,0.033,0.031,2.5,2013,0.04088608,0.12906635,24146.1975,127.4198974
0.035,0.0719,1426,3.588529,2013,2013,0.033,0.031,2.5,2013,0.053396,0.12557335,2499.6354,16.76034181
0.015,0.2453,19638.9,72.26133255,2013,2013,0.033,0.031,2.5,2013,0.022884,0.42841645,34425.02781,337.4989119
0.01,0.5103,8,0.040824,2013,2013,0.033,0.031,2.5,2013,0.015256,0.89123895,14.0232,0.190669824
0.005,0.8133,376.1,1.52941065,2013,2013,0.033,0.031,2.5,2013,0.007628,1.42042845,659.26569,7.143162353
0.01,0.0078,0.02,1.56E-06,2013,2013,0.033,0.031,2.5,2013,0.015256,0.0136227,0.035058,7.29E-06
0.01,0.095,0.09,8.55E-05,2013,2013,0.033,0.031,2.5,2013,0.015256,0.1659175,0.157761,0.000399331
0.01,0.5601,130,0.72813,2013,2013,0.033,0.031,2.5,2013,0.015256,0.97821465,227.877,3.400754928
0.025,0.4803,0.02,0.00024015,2013,2013,0.033,0.031,2.5,2013,0.03814,0.83884395,0.035058,0.001121628
0.0267,0.4264,29719,338.3472487,2013,2013,0.033,0.031,2.5,2013,0.04073352,0.7447076,52094.4351,1580.261867
0.035,0.4188,442733.6,6489.589109,2013,2013,0.033,0.031,2.5,2013,0.053396,0.7314342,776067.7274,30309.83772
0.015,0.9759,14898,218.084373,2013,2013,0.033,0.031,2.5,2013,0.022884,1.70440935,26114.7042,1018.570181
0.01,0.4324,1351,5.841724,2013,2013,0.033,0.031,2.5,2013,0.015256,0.7551866,2368.1679,27.28396259
0.005,0.4272,20124.3,42.9855048,2013,2013,0.033,0.031,2.5,2013,0.007628,0.7461048,35275.88547,200.765203
0.01,0.0828,7,0.005796,2013,2013,0.033,0.031,2.5,2013,0.015256,0.1446102,12.2703,0.027070407
0.01,0.0158,400.2,0.0632316,2013,2013,0.033,0.031,2.5,2013,0.015256,0.0275947,701.51058,0.295325251
0.01,0.7579,0.02,0.00015158,2013,2013,0.033,0.031,2.5,2013,0.015256,1.32367235,0.035058,0.000707959
0.025,0.2841,0.09,0.000639225,2013,2013,0.033,0.031,2.5,2013,0.03814,0.49618065,0.157761,0.002985521
0.0267,0.7501,128,2.56354176,2013,2013,0.033,0.031,2.5,2013,0.04073352,1.31004965,224.3712,11.97310545
0.035,0.5342,0.02,0.00037394,2013,2013,0.033,0.031,2.5,2013,0.053396,0.9329803,0.035058,0.001746499
0.015,0.956,30349,435.20466,2013,2013,0.033,0.031,2.5,2013,0.022884,1.669654,53198.7621,2032.637568
0.01,0.3655,386907.9,1414.148375,2013,2013,0.033,0.031,2.5,2013,0.015256,0.63834575,678210.8579,6604.826134
0.005,0.4144,12749,26.415928,2013,2013,0.033,0.031,2.5,2013,0.007628,0.7237496,22347.7221,123.3764538
0.01,0.4908,1518,7.450344,2013,2013,0.033,0.031,2.5,2013,0.015256,0.8571822,2660.9022,34.7970748
0.01,0.3139,19345.4,60.7252106,2013,2013,0.033,0.031,2.5,2013,0.015256,0.54822635,33910.55166,283.6190779
0.01,0.35,9,0.0315,2013,2013,0.033,0.031,2.5,2013,0.015256,0.611275,15.7761,0.147121778
0.025,0.5344,382.4,5.108864,2013,2013,0.033,0.031,2.5,2013,0.03814,0.9333296,670.30896,23.86111604
0.0267,0.121,0.03,9.69E-05,2013,2013,0.033,0.031,2.5,2013,0.04073352,0.2113265,0.052587,0.000452673
0.035,0.2271,0.1,0.00079485,2013,2013,0.033,0.031,2.5,2013,0.053396,0.39663015,0.17529,0.003712373
0.015,0.5538,103,0.855621,2013,2013,0.033,0.031,2.5,2013,0.022884,0.9672117,180.5487,3.996205804
0.01,1,0.02,0.0002,2013,2013,0.033,0.031,2.5,2013,0.015256,1.7465,0.035058,0.000934107
0.005,0.0268,28246,3.784964,2013,2013,0.033,0.031,2.5,2013,0.007628,0.0468062,49512.4134,17.67779788
0.01,0.2465,387009.4,953.978171,2013,2013,0.033,0.031,2.5,2013,0.015256,0.43051225,678388.7773,4455.586181
0.01,0.6572,13702,90.049544,2013,2013,0.033,0.031,2.5,2013,0.015256,1.1477998,24018.2358,420.579334
0.01,0.182,1345,2.4479,2013,2013,0.033,0.031,2.5,2013,0.015256,0.317863,2357.6505,11.43299684
0.025,0.2091,18429,96.3375975,2014,2014,0.032,0.035,2,2014,0.03567,0.33395361,29556.4302,352.079899
0.0267,0.3767,6,0.06034734,2014,2014,0.032,0.035,2,2014,0.03809556,0.60162757,9.6228,0.220548217
0.035,0.0304,216.1,0.2299304,2014,2014,0.032,0.035,2,2014,0.049938,0.04855184,346.58118,0.840314416
0.015,0.8667,0.02,0.00026001,2014,2014,0.032,0.035,2,2014,0.021402,1.38420657,0.032076,0.000950245
0.01,0.7754,0.06,0.00046524,2014,2014,0.032,0.035,2,2014,0.014268,1.23839134,0.096228,0.001700288
0.005,0.1124,94,0.052828,2014,2014,0.032,0.035,2,2014,0.007134,0.17951404,150.7572,0.193067685
0.01,0.8305,0.01,8.31E-05,2014,2014,0.032,0.035,2,2014,0.014268,1.32639155,0.016038,0.000303518
0.01,0.4164,28451,118.469964,2014,2014,0.032,0.035,2,2014,0.014268,0.66503244,45629.7138,432.965883
0.01,0.8962,380414.2,3409.27206,2014,2014,0.032,0.035,2,2014,0.014268,1.43132102,610108.294,12459.68546
0.025,0.7328,13371,244.95672,2014,2014,0.032,0.035,2,2014,0.03567,1.17035488,21444.4098,895.2303097
0.0267,0.0265,1355,0.95873025,2014,2014,0.032,0.035,2,2014,0.03809556,0.04232315,2173.149,3.503820506
0.035,0.9065,18115,574.7436625,2014,2014,0.032,0.035,2,2014,0.049938,1.44777115,29052.837,2100.485126
0.015,0.5279,7,0.0554295,2014,2014,0.032,0.035,2,2014,0.021402,0.84310909,11.2266,0.202575249
0.01,0.7472,338.2,2.5270304,2014,2014,0.032,0.035,2,2014,0.014268,1.19335312,542.40516,9.235403738
0.005,0.0318,0.02,3.18E-06,2014,2014,0.032,0.035,2,2014,0.007134,0.05078778,0.032076,1.16E-05
0.01,0.2119,0.09,0.00019071,2014,2014,0.032,0.035,2,2014,0.014268,0.33842549,0.144342,0.000696978
0.01,0.0301,90,0.02709,2014,2014,0.032,0.035,2,2014,0.014268,0.04807271,144.342,0.099004384
0.01,0.0511,0.01,5.11E-06,2014,2014,0.032,0.035,2,2014,0.014268,0.08161181,0.016038,1.87E-05
0.025,0.9601,26673,640.2186825,2014,2014,0.032,0.035,2,2014,0.03567,1.53337571,42778.1574,2339.773203
0.0267,0.0337,372177.5,334.8815927,2014,2014,0.032,0.035,2,2014,0.03809556,0.05382227,596898.2745,1223.873964
0.035,0.9268,13954,452.639852,2014,2014,0.032,0.035,2,2014,0.049938,1.48019228,22379.4252,1654.238818
0.015,0.6075,1334,12.156075,2014,2014,0.032,0.035,2,2014,0.021402,0.97023825,2139.4692,44.42616143
0.01,0.3258,18608.9,60.6277962,2014,2014,0.032,0.035,2,2014,0.014268,0.52033518,29844.95382,221.5731855
0.005,0.539,10,0.02695,2014,2014,0.032,0.035,2,2014,0.007134,0.8608369,16.038,0.098492733
0.01,0.1678,535.2,0.8980656,2014,2014,0.032,0.035,2,2014,0.014268,0.26799338,858.35376,3.282112633
0.01,0.6025,0.04,0.000241,2014,2014,0.032,0.035,2,2014,0.014268,0.96225275,0.064152,0.00088077
0.01,0.4747,0.14,0.00066458,2014,2014,0.032,0.035,2,2014,0.014268,0.75814337,0.224532,0.002428805
0.025,0.7353,110,2.022075,2014,2014,0.032,0.035,2,2014,0.03567,1.17434763,176.418,7.389970067
0.0268,0.2229,0.02,0.000119474,2014,2014,0.032,0.035,2,2014,0.03823824,0.35599359,0.032076,0.000436637
0.035,0.7189,28337,713.0014255,2014,2014,0.032,0.035,2,2014,0.049938,1.14815519,45446.8806,2605.768427
0.015,0.715,362600.2,3888.887145,2014,2014,0.032,0.035,2,2014,0.021402,1.1419265,581538.2008,14212.50923
0.01,0.8833,12796,113.027068,2014,2014,0.032,0.035,2,2014,0.014268,1.41071843,20522.2248,413.0740201
0.005,0.0496,1349,0.334552,2014,2014,0.032,0.035,2,2014,0.007134,0.07921616,2163.5262,1.222669419
0.01,0.6655,17266.7,114.9098885,2014,2014,0.032,0.035,2,2014,0.014268,1.06287005,27692.33346,419.9550642
0.005,0.3443,8,0.013772,2014,2014,0.032,0.035,2,2014,0.007134,0.54988153,12.8304,0.050331797
0.01,0.9043,315.5,2.8530665,2014,2014,0.032,0.035,2,2014,0.014268,1.44425753,505.9989,10.42695055
0.025,0.1562,0.03,0.00011715,2014,2014,0.032,0.035,2,2014,0.03567,0.24946702,0.048114,0.000428142
0.0268,0.2709,0.09,0.000653411,2014,2014,0.032,0.035,2,2014,0.03823824,0.43265439,0.144342,0.002387986
0.035,0.8694,102,3.103758,2014,2014,0.032,0.035,2,2014,0.049938,1.38851874,163.5876,11.34313946
0.015,0.8127,0.01,0.000121905,2014,2014,0.032,0.035,2,2014,0.021402,1.29796317,0.016038,0.00044552
0.01,0.9286,24152,224.275472,2014,2014,0.032,0.035,2,2014,0.014268,1.48306706,38734.9776,819.6476515
0.005,0.5173,354537.2,917.0104678,2014,2014,0.032,0.035,2,2014,0.007134,0.82617983,568606.7614,3351.349435
0.01,0.0018,14679,0.264222,2014,2014,0.032,0.035,2,2014,0.014268,0.00287478,23542.1802,0.965638105
0.005,0.5074,1208,3.064696,2014,2014,0.032,0.035,2,2014,0.007134,0.81036854,1937.3904,11.20038164
0.01,0.5756,17726.9,102.0360364,2014,2014,0.032,0.035,2,2014,0.014268,0.91929076,28430.40222,372.9056809
0.025,0.2061,6,0.030915,2014,2014,0.032,0.035,2,2014,0.03567,0.32916231,9.6228,0.112983408
0.0268,0.1018,409.8,1.118032752,2014,2014,0.032,0.035,2,2014,0.03823824,0.16258478,657.23724,4.086014896
0.035,0.8455,0.02,0.00059185,2014,2014,0.032,0.035,2,2014,0.049938,1.35034805,0.032076,0.002163003
0.015,0.8868,0.12,0.00159624,2014,2014,0.032,0.035,2,2014,0.021402,1.41630828,0.192456,0.005833694
0.01,0.7267,103,0.748501,2014,2014,0.032,0.035,2,2014,0.014268,1.16061257,165.1914,2.735506836
0.005,0.1367,0.02,1.37E-05,2014,2014,0.032,0.035,2,2014,0.007134,0.21832357,0.032076,5.00E-05
0.01,0.5358,25028,134.100024,2014,2014,0.032,0.035,2,2014,0.014268,0.85572618,40139.9064,490.0882328
0.005,0.048,373296.3,89.591112,2014,2014,0.032,0.035,2,2014,0.007134,0.0766608,598692.6059,327.4238769
0.01,0.0471,14915,7.024965,2014,2014,0.032,0.035,2,2014,0.014268,0.07522341,23920.677,25.67376634
0.025,0.2235,1138,6.358575,2014,2014,0.032,0.035,2,2014,0.03567,0.35695185,1825.1244,23.23834621
0.0266,0.1599,16968,72.17067312,2014,2014,0.032,0.035,2,2014,0.03795288,0.25537629,27213.2784,263.7583245
0.035,0.2236,9,0.070434,2014,2014,0.032,0.035,2,2014,0.049938,0.35711156,14.4342,0.257411398
0.015,0.5179,436.8,3.3932808,2014,2014,0.032,0.035,2,2014,0.021402,0.82713809,700.53984,12.40124305
0.01,0.2647,0.04,0.00010588,2014,2014,0.032,0.035,2,2014,0.014268,0.42275237,0.064152,0.000386954
0.005,0.4418,0.12,0.00026508,2014,2014,0.032,0.035,2,2014,0.007134,0.70559878,0.192456,0.000968774
0.01,0.8926,95,0.84797,2014,2014,0.032,0.035,2,2014,0.014268,1.42557146,152.361,3.099030905
0.005,0.4729,0.02,4.73E-05,2014,2014,0.032,0.035,2,2014,0.007134,0.75526859,0.032076,0.000172828
0.01,0.3743,23206,86.860058,2014,2014,0.032,0.035,2,2014,0.014268,0.59779453,37217.7828,317.442839
0.0225,0.5504,356050.4,4409.328154,2014,2014,0.032,0.035,2,2014,0.032103,0.87904384,571033.6315,16114.53733
0.0266,0.8193,15343,334.3758293,2014,2014,0.032,0.035,2,2014,0.03795288,1.30850403,24607.1034,1222.025578
0.0325,0.0546,1055,1.8720975,2014,2014,0.032,0.035,2,2014,0.046371,0.08720166,1692.009,6.841855266
0.0125,0.1468,16184.1,29.6978235,2014,2014,0.032,0.035,2,2014,0.017835,0.23445428,25956.05958,108.5350577
0.01,0.8758,8,0.070064,2014,2014,0.032,0.035,2,2014,0.014268,1.39874018,12.8304,0.256059178
0.005,0.9414,438.8,2.0654316,2014,2014,0.032,0.035,2,2014,0.007134,1.50350994,703.74744,7.548423129
0.01,0.6136,0.03,0.00018408,2014,2014,0.032,0.035,2,2014,0.014268,0.97998056,0.048114,0.000672747
0.005,0.1269,0.12,7.61E-05,2014,2014,0.032,0.035,2,2014,0.007134,0.20267199,0.192456,0.000278265
0.01,0.4053,117,0.474201,2014,2014,0.032,0.035,2,2014,0.014268,0.64730463,187.6446,1.7330372
0.0225,0.0968,0.02,4.36E-05,2014,2014,0.032,0.035,2,2014,0.032103,0.15459928,0.032076,0.000159196
0.0266,0.4948,22147,291.491727,2014,2014,0.032,0.035,2,2014,0.03795288,0.79024508,35519.3586,1065.299327
0.0325,0.3718,332352.7,4015.98385,2014,2014,0.032,0.035,2,2014,0.046371,0.59380178,533027.2603,14677.0028
0.0125,0.8793,15006,164.9346975,2014,2014,0.032,0.035,2,2014,0.017835,1.40433003,24066.6228,602.7780758
0.01,0.3655,1107,4.046085,2014,2014,0.032,0.035,2,2014,0.014268,0.58374005,1775.4066,14.78701188
0.005,0.8449,16617.6,70.2010512,2014,2014,0.032,0.035,2,2014,0.007134,1.34938979,26651.30688,256.5600519
0.01,0.4514,6,0.027084,2014,2014,0.032,0.035,2,2014,0.014268,0.72093094,9.6228,0.098982456
0.005,0.3105,399.9,0.62084475,2014,2014,0.032,0.035,2,2014,0.007134,0.49589955,641.35962,2.268968322
0.01,0.3666,0.03,0.00010998,2014,2014,0.032,0.035,2,2014,0.014268,0.58549686,0.048114,0.000401938
0.01,0.3949,0.12,0.00047388,2014,2014,0.032,0.035,2,2014,0.014268,0.63069479,0.192456,0.001731864
0.02,0.5854,102,1.194216,2014,2014,0.032,0.035,2,2014,0.028536,0.93494234,163.5876,4.364437765
0.0235,0.8875,0.02,0.000417125,2014,2014,0.032,0.035,2,2014,0.0335298,1.41742625,0.032076,0.001524445
0.03,0.2174,25600,166.9632,2014,2014,0.032,0.035,2,2014,0.042804,0.34720954,41057.28,610.1915361
0.01,0.4639,363606.4,1686.77009,2014,2014,0.032,0.035,2,2014,0.014268,0.74089469,583151.9443,6164.549026
0.01,0.9327,14204,132.480708,2014,2014,0.032,0.035,2,2014,0.014268,1.48961517,22780.3752,484.1702047
0.005,0.0642,1219,0.391299,2014,2014,0.032,0.035,2,2014,0.007134,0.10253382,1955.0322,1.430059665
0.01,0.5299,17314.6,91.7500654,2014,2014,0.032,0.035,2,2014,0.014268,0.84630329,27769.15548,335.3140892
0.005,0.6345,10,0.031725,2014,2014,0.032,0.035,2,2014,0.007134,1.01335995,16.038,0.115943672
0.01,0.6411,586.5,3.7600515,2014,2014,0.032,0.035,2,2014,0.014268,1.02390081,940.6287,13.74166044
0.01,0.8541,0.04,0.00034164,2014,2014,0.032,0.035,2,2014,0.014268,1.36408311,0.064152,0.001248574
0.02,0,0.16,0,2014,2014,0.032,0.035,2,2014,0.028536,0,0.256608,0
0.0235,0.0348,116,0.0948648,2014,2014,0.032,0.035,2,2014,0.0335298,0.05557908,186.0408,0.346697344
0.03,0.9007,0.02,0.00054042,2014,2014,0.032,0.035,2,2014,0.042804,1.43850797,0.032076,0.001975044
0.01,0.4708,22838,107.521304,2014,2014,0.032,0.035,2,2014,0.014268,0.75191468,36627.5844,392.952397
0.01,0.1641,341454.3,560.3265063,2014,2014,0.032,0.035,2,2014,0.014268,0.26208411,547624.4063,2047.795512
0.005,0.2969,14951,22.1947595,2014,2014,0.032,0.035,2,2014,0.007134,0.47417899,23978.4138,81.11400831
0.01,0.6134,1038,6.367092,2014,2014,0.032,0.035,2,2014,0.014268,0.97966114,1664.7444,23.26947284
0.005,0.5422,15520.6,42.0763466,2014,2014,0.032,0.035,2,2014,0.007134,0.86594762,24891.93828,153.7741883
0.01,0.4777,7,0.033439,2014,2014,0.032,0.035,2,2014,0.014268,0.76293467,11.2266,0.122207737
0.01,0.3484,666,2.320344,2014,2014,0.032,0.035,2,2014,0.014268,0.55642964,1068.1308,8.480037934
0.02,0.1686,0.03,0.00010116,2014,2014,0.032,0.035,2,2014,0.028536,0.26927106,0.048114,0.000369704
0.0235,0.3736,0.2,0.00175592,2014,2014,0.032,0.035,2,2014,0.0335298,0.59667656,0.32076,0.006417268
0.03,0.2823,93,0.787617,2014,2014,0.032,0.035,2,2014,0.042804,0.45086133,149.1534,2.878462003
0.01,0.6183,0.03,0.00018549,2014,2014,0.032,0.035,2,2014,0.014268,0.98748693,0.048114,0.0006779
0.01,0.0793,21034,16.679962,2014,2014,0.032,0.035,2,2014,0.014268,0.12665003,33734.3292,60.95937089
0.005,0.6145,330675.2,1015.999552,2014,2014,0.032,0.035,2,2014,0.007134,0.98141795,530336.8858,3713.119581
0.01,0.4653,15721,73.149813,2014,2014,0.032,0.035,2,2014,0.014268,0.74313063,25213.3398,267.336735
0.005,0.5103,1107,2.8245105,2014,2014,0.032,0.035,2,2014,0.007134,0.81500013,1775.4066,10.32258845
0.01,0.8506,17404,148.038424,2014,2014,0.032,0.035,2,2014,0.014268,1.35849326,27912.5352,541.0281627
0.01,0.5649,6,0.033894,2014,2014,0.032,0.035,2,2014,0.014268,0.90220179,9.6228,0.123870601
